CardSet,CardNumber,Rarity,CMC,Rating,Guild,CardName,ManaCost,Type,Bomb,Removal,CombatTrick,Evasive,Counter,CardDraw,ManaFixing,ImageURL
RNA,1,Mythic,5,4.5,NULL,Angel of Grace,{3}{W}{W},Creature - Angel,1,0,1,1,0,0,0,http://gatherer.wizards.com/Handlers/Image.ashx?multiverseid=457145&type=card
RNA,2,Uncommon,4,3,NULL,Angelic Exaltation,{3}{W},Enchantment,0,0,0,0,0,0,0,http://gatherer.wizards.com/Handlers/Image.ashx?multiverseid=457146&type=card
RNA,3,Uncommon,6,1,NULL,Archway Angel,{5}{W},Creature - Angel,0,0,0,1,0,0,0,http://gatherer.wizards.com/Handlers/Image.ashx?multiverseid=457147&type=card
RNA,4,Common,1,2.5,NULL,Arrester's Zeal,{W},Instant,0,0,1,0,0,0,0,http://gatherer.wizards.com/Handlers/Image.ashx?multiverseid=457148&type=card
RNA,5,Common,3,3,NULL,Bring to Trial,{2}{W},Sorcery,0,1,0,0,0,0,0,http://gatherer.wizards.com/Handlers/Image.ashx?multiverseid=457149&type=card
RNA,6,Common,4,2.5,NULL,Civic Stalwart,{3}{W},Creature - Elephant Soldier,0,0,0,0,0,0,0,http://gatherer.wizards.com/Handlers/Image.ashx?multiverseid=457150&type=card
RNA,7,Common,2,2.5,NULL,Concordia Pegasus,{1}{W},Creature - Pegasus,0,0,0,1,0,0,0,http://gatherer.wizards.com/Handlers/Image.ashx?multiverseid=457151&type=card
RNA,8,Common,3,3,NULL,Expose to Daylight,{2}{W},Instant,0,0,0,0,0,0,0,http://gatherer.wizards.com/Handlers/Image.ashx?multiverseid=457152&type=card
RNA,9,Uncommon,3,3,NULL,Forbidding Spirit,{1}{W}{W},Creature - Spirit Cleric,0,0,0,0,0,0,0,http://gatherer.wizards.com/Handlers/Image.ashx?multiverseid=457153&type=card
RNA,10,Common,3,1.5,NULL,Haazda Officer,{2}{W},Creature - Human Soldier,0,0,0,0,0,0,0,http://gatherer.wizards.com/Handlers/Image.ashx?multiverseid=457154&type=card
RNA,11,Rare,2,3.5,NULL,Hero of Precinct One,{1}{W},Creature - Human Warrior,0,0,0,0,0,0,0,http://gatherer.wizards.com/Handlers/Image.ashx?multiverseid=457155&type=card
RNA,12,Common,2,2.5,Orzhov,Impassioned Orator,{1}{W},Creature - Human Cleric,0,0,0,0,0,0,0,http://gatherer.wizards.com/Handlers/Image.ashx?multiverseid=457156&type=card
RNA,13,Common,2,2,NULL,Justiciar's Portal,{1}{W},Instant,0,0,1,0,0,0,0,http://gatherer.wizards.com/Handlers/Image.ashx?multiverseid=457157&type=card
RNA,14,Common,5,2,NULL,Knight of Sorrows,{4}{W},Creature - Human Knight,0,0,0,0,0,0,0,http://gatherer.wizards.com/Handlers/Image.ashx?multiverseid=457158&type=card
RNA,15,Rare,5,4,NULL,Lumbering Battlement,{4}{W},Creature - Beast,0,0,0,0,0,0,0,http://gatherer.wizards.com/Handlers/Image.ashx?multiverseid=457159&type=card
RNA,16,Uncommon,3,3.5,NULL,Ministrant of Obligation,{2}{W},Creature - Human Cleric,0,0,0,0,0,0,0,http://gatherer.wizards.com/Handlers/Image.ashx?multiverseid=457160&type=card
RNA,17,Common,2,1.5,NULL,Prowling Caracal,{1}{W},Creature - Cat,0,0,0,0,0,0,0,http://gatherer.wizards.com/Handlers/Image.ashx?multiverseid=457161&type=card
RNA,18,Uncommon,4,2.5,NULL,Rally to Battle,{3}{W},Instant,0,0,0,0,0,0,0,http://gatherer.wizards.com/Handlers/Image.ashx?multiverseid=457162&type=card
RNA,19,Uncommon,1,3,NULL,Resolute Watchdog,{W},Creature - Hound,0,0,0,0,0,0,0,http://gatherer.wizards.com/Handlers/Image.ashx?multiverseid=457163&type=card
RNA,20,Uncommon,2,3.5,NULL,Sentinel's Mark,{1}{W},Enchantment - Aura,0,0,1,0,0,0,0,http://gatherer.wizards.com/Handlers/Image.ashx?multiverseid=457164&type=card
RNA,21,Uncommon,1,3,NULL,Sky Tether,{W},Enchantment - Aura,0,1,0,0,0,0,0,http://gatherer.wizards.com/Handlers/Image.ashx?multiverseid=457165&type=card
RNA,22,Rare,4,1,NULL,Smothering Tithe,{3}{W},Enchantment,0,0,0,0,0,0,0,http://gatherer.wizards.com/Handlers/Image.ashx?multiverseid=457166&type=card
RNA,23,Uncommon,4,3.5,NULL,Spirit of the Spires,{3}{W},Creature - Spirit,0,0,0,1,0,0,0,http://gatherer.wizards.com/Handlers/Image.ashx?multiverseid=457167&type=card
RNA,24,Common,2,3,NULL,Summary Judgment,{1}{W},Instant,0,1,0,0,0,0,0,http://gatherer.wizards.com/Handlers/Image.ashx?multiverseid=457168&type=card
RNA,25,Common,4,3,NULL,Syndicate Messenger,{3}{W},Creature - Bird,0,0,0,1,0,0,0,http://gatherer.wizards.com/Handlers/Image.ashx?multiverseid=457169&type=card
RNA,26,Common,3,1.5,NULL,Tenth District Veteran,{2}{W},Creature - Human Soldier,0,0,0,0,0,0,0,http://gatherer.wizards.com/Handlers/Image.ashx?multiverseid=457170&type=card
RNA,27,Rare,2,3,NULL,Tithe Taker,{1}{W},Creature - Human Soldier,0,0,0,0,0,0,0,http://gatherer.wizards.com/Handlers/Image.ashx?multiverseid=457171&type=card
RNA,28,Common,1,2,NULL,Twilight Panther,{W},Creature - Cat Spirit,0,0,0,0,0,0,0,http://gatherer.wizards.com/Handlers/Image.ashx?multiverseid=457172&type=card
RNA,29,Rare,3,3.5,NULL,Unbreakable Formation,{2}{W},Instant,0,0,1,0,0,0,0,http://gatherer.wizards.com/Handlers/Image.ashx?multiverseid=457173&type=card
RNA,30,Common,6,1.5,NULL,Watchful Giant,{5}{W},Creature - Giant Soldier,0,0,0,0,0,0,0,http://gatherer.wizards.com/Handlers/Image.ashx?multiverseid=457174&type=card
RNA,31,Common,3,3,NULL,Arrester's Admonition,{2}{U},Instant,0,0,0,0,0,0,0,http://gatherer.wizards.com/Handlers/Image.ashx?multiverseid=457175&type=card
RNA,32,Rare,1,2.5,NULL,Benthic Biomancer,{U},Creature - Merfolk Wizard Mutant,0,0,0,0,0,0,0,http://gatherer.wizards.com/Handlers/Image.ashx?multiverseid=457176&type=card
RNA,33,Common,5,3.5,NULL,Chillbringer,{4}{U},Creature - Elemental,0,0,0,1,0,0,0,http://gatherer.wizards.com/Handlers/Image.ashx?multiverseid=457177&type=card
RNA,34,Common,3,1,NULL,Clear the Mind,{2}{U},Sorcery,0,0,0,0,0,0,0,http://gatherer.wizards.com/Handlers/Image.ashx?multiverseid=457178&type=card
RNA,35,Uncommon,3,3,NULL,Code of Constraint,{2}{U},Instant,0,0,1,0,0,0,0,http://gatherer.wizards.com/Handlers/Image.ashx?multiverseid=457179&type=card
RNA,36,Common,3,1,NULL,Coral Commando,{2}{U},Creature - Merfolk Warrior,0,0,0,0,0,0,0,http://gatherer.wizards.com/Handlers/Image.ashx?multiverseid=457180&type=card
RNA,37,Uncommon,2,2.5,NULL,Essence Capture,{U}{U},Instant,0,0,0,0,1,0,0,http://gatherer.wizards.com/Handlers/Image.ashx?multiverseid=457181&type=card
RNA,38,Uncommon,3,1,NULL,Eyes Everywhere,{2}{U},Enchantment,0,0,1,1,0,0,0,http://gatherer.wizards.com/Handlers/Image.ashx?multiverseid=457182&type=card
RNA,39,Common,2,3,NULL,Faerie Duelist,{1}{U},Creature - Faerie Rogue,0,0,0,0,0,0,0,http://gatherer.wizards.com/Handlers/Image.ashx?multiverseid=457183&type=card
RNA,40,Uncommon,3,2.5,NULL,Gateway Sneak,{2}{U},Creature - Vedalken Rogue,0,0,0,0,0,0,0,http://gatherer.wizards.com/Handlers/Image.ashx?multiverseid=457184&type=card
RNA,41,Common,5,1.5,NULL,Humongulus,{4}{U},Creature - Homunculus,0,0,0,0,0,0,0,http://gatherer.wizards.com/Handlers/Image.ashx?multiverseid=457185&type=card
RNA,42,Rare,4,3,NULL,Mass Manipulation,{X}{X}{U}{U}{U}{U},Sorcery,0,0,0,0,0,0,0,http://gatherer.wizards.com/Handlers/Image.ashx?multiverseid=457186&type=card
RNA,43,Mythic,5,4,NULL,Mesmerizing Benthid,{3}{U}{U},Creature - Octopus,0,0,0,0,0,0,0,http://gatherer.wizards.com/Handlers/Image.ashx?multiverseid=457187&type=card
RNA,44,Common,2,1,NULL,Persistent Petitioners,{1}{U},Creature - Human Advisor,0,0,0,0,0,0,0,http://gatherer.wizards.com/Handlers/Image.ashx?multiverseid=457188&type=card
RNA,45,Rare,5,3,NULL,Precognitive Perception,{3}{U}{U},Instant,0,0,0,0,0,1,0,http://gatherer.wizards.com/Handlers/Image.ashx?multiverseid=457189&type=card
RNA,46,Common,6,1.5,NULL,Prying Eyes,{4}{U}{U},Instant,0,0,0,0,0,0,0,http://gatherer.wizards.com/Handlers/Image.ashx?multiverseid=457190&type=card
RNA,47,Uncommon,1,3,NULL,Pteramander,{U},Creature - Salamander Drake,0,0,0,1,0,0,0,http://gatherer.wizards.com/Handlers/Image.ashx?multiverseid=457191&type=card
RNA,48,Common,2,2,NULL,Quench,{1}{U},Instant,0,0,0,0,0,0,0,http://gatherer.wizards.com/Handlers/Image.ashx?multiverseid=457192&type=card
RNA,49,Common,2,2.5,NULL,Sage's Row Savant,{1}{U},Creature - Vedalken Wizard,0,0,0,0,0,0,0,http://gatherer.wizards.com/Handlers/Image.ashx?multiverseid=457193&type=card
RNA,50,Common,3,2.5,NULL,Senate Courier,{2}{U},Creature - Bird,0,0,0,1,0,0,0,http://gatherer.wizards.com/Handlers/Image.ashx?multiverseid=457194&type=card
RNA,51,Common,2,2,NULL,Shimmer of Possibility,{1}{U},Sorcery,0,0,0,0,0,0,0,http://gatherer.wizards.com/Handlers/Image.ashx?multiverseid=457195&type=card
RNA,52,Uncommon,4,3.5,NULL,Skatewing Spy,{3}{U},Creature - Vedalken Rogue Mutant,0,0,0,1,0,0,0,http://gatherer.wizards.com/Handlers/Image.ashx?multiverseid=457196&type=card
RNA,53,Common,4,3,NULL,Skitter Eel,{3}{U},Creature - Fish Crab,0,0,0,0,0,0,0,http://gatherer.wizards.com/Handlers/Image.ashx?multiverseid=457197&type=card
RNA,54,Common,2,2,NULL,Slimebind,{1}{U},Enchantment - Aura,0,1,1,0,0,0,0,http://gatherer.wizards.com/Handlers/Image.ashx?multiverseid=457198&type=card
RNA,55,Rare,4,4,NULL,Sphinx of Foresight,{2}{U}{U},Creature - Sphinx,1,0,0,1,0,0,0,http://gatherer.wizards.com/Handlers/Image.ashx?multiverseid=457199&type=card
RNA,56,Uncommon,6,3,NULL,Swirling Torrent,{5}{U},Sorcery,0,0,0,0,0,0,0,http://gatherer.wizards.com/Handlers/Image.ashx?multiverseid=457200&type=card
RNA,57,Common,3,2,NULL,Thought Collapse,{1}{U}{U},Instant,0,0,0,0,1,0,0,http://gatherer.wizards.com/Handlers/Image.ashx?multiverseid=457201&type=card
RNA,58,Rare,3,2.5,NULL,Verity Circle,{2}{U},Enchantment,0,0,0,0,0,0,0,http://gatherer.wizards.com/Handlers/Image.ashx?multiverseid=457202&type=card
RNA,59,Uncommon,2,1,NULL,Wall of Lost Thoughts,{1}{U},Creature - Wall,0,0,0,0,0,0,0,http://gatherer.wizards.com/Handlers/Image.ashx?multiverseid=457203&type=card
RNA,60,Uncommon,5,3,NULL,Windstorm Drake,{4}{U},Creature - Drake,0,0,0,1,0,0,0,http://gatherer.wizards.com/Handlers/Image.ashx?multiverseid=457204&type=card
RNA,61,Rare,5,0,NULL,Awaken the Erstwhile,{3}{B}{B},Sorcery,0,0,0,0,0,0,0,http://gatherer.wizards.com/Handlers/Image.ashx?multiverseid=457205&type=card
RNA,62,Uncommon,2,1,NULL,Bankrupt in Blood,{1}{B},Sorcery,0,0,0,0,0,0,0,http://gatherer.wizards.com/Handlers/Image.ashx?multiverseid=457206&type=card
RNA,63,Common,5,3,NULL,Blade Juggler,{4}{B},Creature - Human Rogue,0,0,0,0,0,0,0,http://gatherer.wizards.com/Handlers/Image.ashx?multiverseid=457207&type=card
RNA,64,Common,2,2,NULL,Bladebrand,{1}{B},Instant,0,0,1,0,0,0,0,http://gatherer.wizards.com/Handlers/Image.ashx?multiverseid=457208&type=card
RNA,65,Uncommon,3,2,NULL,Bloodmist Infiltrator,{2}{B},Creature - Vampire,0,0,0,1,0,0,0,http://gatherer.wizards.com/Handlers/Image.ashx?multiverseid=457209&type=card
RNA,66,Common,4,1.5,NULL,Carrion Imp,{3}{B},Creature - Imp,0,0,0,1,0,0,0,http://gatherer.wizards.com/Handlers/Image.ashx?multiverseid=457210&type=card
RNA,67,Common,5,2.5,NULL,Catacomb Crocodile,{4}{B},Creature - Crocodile,0,0,0,0,0,0,0,http://gatherer.wizards.com/Handlers/Image.ashx?multiverseid=457211&type=card
RNA,68,Uncommon,5,3,NULL,Clear the Stage,{4}{B},Instant,0,1,1,0,0,0,0,http://gatherer.wizards.com/Handlers/Image.ashx?multiverseid=457212&type=card
RNA,69,Common,6,2,NULL,Consign to the Pit,{5}{B},Sorcery,0,1,0,0,0,0,0,http://gatherer.wizards.com/Handlers/Image.ashx?multiverseid=457213&type=card
RNA,70,Uncommon,3,3,NULL,Cry of the Carnarium,{1}{B}{B},Sorcery,0,1,0,0,0,0,0,http://gatherer.wizards.com/Handlers/Image.ashx?multiverseid=457214&type=card
RNA,71,Common,4,2.5,NULL,Dead Revels,{3}{B},Sorcery,0,0,0,0,0,0,0,http://gatherer.wizards.com/Handlers/Image.ashx?multiverseid=457215&type=card
RNA,72,Common,6,1.5,NULL,Debtors' Transport,{5}{B},Creature - Thrull,0,0,0,0,0,0,0,http://gatherer.wizards.com/Handlers/Image.ashx?multiverseid=457216&type=card
RNA,73,Uncommon,3,1.5,NULL,Drill Bit,{2}{B},Sorcery,0,0,0,0,0,0,0,http://gatherer.wizards.com/Handlers/Image.ashx?multiverseid=457217&type=card
RNA,74,Rare,1,0,NULL,Font of Agonies,{B},Enchantment,0,0,0,0,0,0,0,http://gatherer.wizards.com/Handlers/Image.ashx?multiverseid=457218&type=card
RNA,75,Common,3,3,NULL,Grotesque Demise,{2}{B},Instant,0,1,0,0,0,0,0,http://gatherer.wizards.com/Handlers/Image.ashx?multiverseid=457219&type=card
RNA,76,Rare,1,3,NULL,Gutterbones,{B},Creature - Skeleton Warrior,0,0,0,0,0,0,0,http://gatherer.wizards.com/Handlers/Image.ashx?multiverseid=457220&type=card
RNA,77,Common,4,2,NULL,Ill-Gotten Inheritance,{3}{B},Enchantment,0,0,0,0,0,0,0,http://gatherer.wizards.com/Handlers/Image.ashx?multiverseid=457221&type=card
RNA,78,Common,3,2.5,NULL,Noxious Groodion,{2}{B},Creature - Beast,0,0,0,0,0,0,0,http://gatherer.wizards.com/Handlers/Image.ashx?multiverseid=457222&type=card
RNA,79,Uncommon,2,3,NULL,Orzhov Enforcer,{1}{B},Creature - Human Rogue,0,0,0,0,0,0,0,http://gatherer.wizards.com/Handlers/Image.ashx?multiverseid=457223&type=card
RNA,80,Uncommon,5,3,NULL,Orzhov Racketeers,{4}{B},Creature - Human Rogue,0,0,0,0,0,0,0,http://gatherer.wizards.com/Handlers/Image.ashx?multiverseid=457224&type=card
RNA,81,Rare,3,3.5,NULL,Pestilent Spirit,{2}{B},Creature - Spirit,0,0,0,0,0,0,0,http://gatherer.wizards.com/Handlers/Image.ashx?multiverseid=457225&type=card
RNA,82,Common,2,2,NULL,Plague Wight,{1}{B},Creature - Zombie,0,0,0,0,0,0,0,http://gatherer.wizards.com/Handlers/Image.ashx?multiverseid=457226&type=card
RNA,83,Rare,2,1,NULL,Priest of Forgotten Gods,{1}{B},Creature - Human Cleric,0,0,0,0,0,0,0,http://gatherer.wizards.com/Handlers/Image.ashx?multiverseid=457227&type=card
RNA,84,Common,2,2.5,Rakdos,Rakdos Trumpeter,{1}{B},Creature - Human Shaman,0,0,0,0,0,0,0,http://gatherer.wizards.com/Handlers/Image.ashx?multiverseid=457228&type=card
RNA,85,Mythic,4,4,NULL,Spawn of Mayhem,{2}{B}{B},Creature - Demon,1,0,0,1,0,0,0,http://gatherer.wizards.com/Handlers/Image.ashx?multiverseid=457229&type=card
RNA,86,Uncommon,3,3,NULL,Spire Mangler,{2}{B},Creature - Insect,0,0,1,1,0,0,0,http://gatherer.wizards.com/Handlers/Image.ashx?multiverseid=457230&type=card
RNA,87,Common,1,1,NULL,Thirsting Shade,{B},Creature - Shade,0,0,0,0,0,0,0,http://gatherer.wizards.com/Handlers/Image.ashx?multiverseid=457231&type=card
RNA,88,Common,4,2.5,Orzhov,Undercity Scavenger,{3}{B},Creature - Ogre Warrior,0,0,0,0,0,0,0,http://gatherer.wizards.com/Handlers/Image.ashx?multiverseid=457232&type=card
RNA,89,Common,3,1,NULL,Undercity's Embrace,{2}{B},Instant,0,1,0,0,0,0,0,http://gatherer.wizards.com/Handlers/Image.ashx?multiverseid=457233&type=card
RNA,90,Uncommon,4,3.5,Orzhov,Vindictive Vampire,{3}{B},Creature - Vampire,0,0,0,0,0,0,0,http://gatherer.wizards.com/Handlers/Image.ashx?multiverseid=457234&type=card
RNA,91,Common,3,1.5,NULL,Act of Treason,{2}{R},Sorcery,0,0,0,0,0,0,0,http://gatherer.wizards.com/Handlers/Image.ashx?multiverseid=457235&type=card
RNA,92,Rare,4,3.5,NULL,Amplifire,{2}{R}{R},Creature - Elemental,0,0,0,0,0,0,0,http://gatherer.wizards.com/Handlers/Image.ashx?multiverseid=457236&type=card
RNA,93,Common,3,1,NULL,Burn Bright,{2}{R},Instant,0,0,1,0,0,0,0,http://gatherer.wizards.com/Handlers/Image.ashx?multiverseid=457237&type=card
RNA,94,Common,3,3,NULL,Burning-Tree Vandal,{2}{R},Creature - Human Rogue,0,0,0,0,0,0,0,http://gatherer.wizards.com/Handlers/Image.ashx?multiverseid=457238&type=card
RNA,95,Uncommon,2,1,NULL,Cavalcade of Calamity,{1}{R},Enchantment,0,0,0,0,0,0,0,http://gatherer.wizards.com/Handlers/Image.ashx?multiverseid=457239&type=card
RNA,96,Uncommon,3,3,NULL,Clamor Shaman,{2}{R},Creature - Goblin Shaman,0,0,0,0,0,0,0,http://gatherer.wizards.com/Handlers/Image.ashx?multiverseid=457240&type=card
RNA,97,Uncommon,4,3.5,NULL,Dagger Caster,{3}{R},Creature - Viashino Rogue,0,0,0,0,0,0,0,http://gatherer.wizards.com/Handlers/Image.ashx?multiverseid=457241&type=card
RNA,98,Common,1,1,NULL,Deface,{R},Sorcery,0,1,0,0,0,0,0,http://gatherer.wizards.com/Handlers/Image.ashx?multiverseid=457242&type=card
RNA,99,Rare,2,4,NULL,Electrodominance,{X}{R}{R},Instant,0,1,0,0,0,0,0,http://gatherer.wizards.com/Handlers/Image.ashx?multiverseid=457243&type=card
RNA,100,Common,2,1.5,NULL,Feral Maaka,{1}{R},Creature - Cat,0,0,0,0,0,0,0,http://gatherer.wizards.com/Handlers/Image.ashx?multiverseid=457244&type=card
RNA,101,Uncommon,6,2,NULL,Flames of the Raze-Boar,{5}{R},Instant,0,1,0,0,0,0,0,http://gatherer.wizards.com/Handlers/Image.ashx?multiverseid=457245&type=card
RNA,102,Uncommon,3,1,NULL,Gates Ablaze,{2}{R},Sorcery,0,1,0,0,0,0,0,http://gatherer.wizards.com/Handlers/Image.ashx?multiverseid=457246&type=card
RNA,103,Common,4,1.5,Gruul,Ghor-Clan Wrecker,{3}{R},Creature - Human Warrior,0,0,0,0,0,0,0,http://gatherer.wizards.com/Handlers/Image.ashx?multiverseid=457247&type=card
RNA,104,Common,3,1.5,NULL,Goblin Gathering,{2}{R},Sorcery,0,0,0,0,0,0,0,http://gatherer.wizards.com/Handlers/Image.ashx?multiverseid=457248&type=card
RNA,105,Common,2,3,NULL,Gravel-Hide Goblin,{1}{R},Creature - Goblin Shaman,0,0,0,0,0,0,0,http://gatherer.wizards.com/Handlers/Image.ashx?multiverseid=457249&type=card
RNA,106,Rare,2,3,NULL,Immolation Shaman,{1}{R},Creature - Viashino Shaman,0,0,0,0,0,0,0,http://gatherer.wizards.com/Handlers/Image.ashx?multiverseid=457250&type=card
RNA,107,Uncommon,3,3,NULL,Light Up the Stage,{2}{R},Sorcery,0,0,0,0,0,0,0,http://gatherer.wizards.com/Handlers/Image.ashx?multiverseid=457251&type=card
RNA,108,Rare,6,0,NULL,Mirror March,{5}{R},Enchantment,0,0,0,0,0,0,0,http://gatherer.wizards.com/Handlers/Image.ashx?multiverseid=457252&type=card
RNA,109,Rare,2,3,NULL,Rix Maadi Reveler,{1}{R},Creature - Human Shaman,0,0,0,0,0,0,0,http://gatherer.wizards.com/Handlers/Image.ashx?multiverseid=457253&type=card
RNA,110,Common,4,0,NULL,Rubble Reading,{3}{R},Sorcery,0,0,0,0,0,0,0,http://gatherer.wizards.com/Handlers/Image.ashx?multiverseid=457254&type=card
RNA,111,Common,5,3,NULL,Rubblebelt Recluse,{4}{R},Creature - Ogre Berserker,0,0,0,0,0,0,0,http://gatherer.wizards.com/Handlers/Image.ashx?multiverseid=457255&type=card
RNA,112,Uncommon,6,3,NULL,Rumbling Ruin,{5}{R},Creature - Elemental,0,0,0,0,0,0,0,http://gatherer.wizards.com/Handlers/Image.ashx?multiverseid=457256&type=card
RNA,113,Common,2,3,NULL,Scorchmark,{1}{R},Instant,0,1,0,0,0,0,0,http://gatherer.wizards.com/Handlers/Image.ashx?multiverseid=457257&type=card
RNA,114,Mythic,5,4.5,NULL,Skarrgan Hellkite,{3}{R}{R},Creature - Dragon,1,0,0,1,0,0,0,http://gatherer.wizards.com/Handlers/Image.ashx?multiverseid=457258&type=card
RNA,115,Common,3,3.5,NULL,Skewer the Critics,{2}{R},Sorcery,0,1,0,0,0,0,0,http://gatherer.wizards.com/Handlers/Image.ashx?multiverseid=457259&type=card
RNA,116,Uncommon,2,2.5,NULL,Smelt-Ward Ignus,{1}{R},Creature - Elemental,0,0,0,0,0,0,0,http://gatherer.wizards.com/Handlers/Image.ashx?multiverseid=457260&type=card
RNA,117,Common,1,3,Rakdos,Spear Spewer,{R},Creature - Goblin Warrior,0,0,0,0,0,0,0,http://gatherer.wizards.com/Handlers/Image.ashx?multiverseid=457261&type=card
RNA,118,Common,4,1,NULL,Spikewheel Acrobat,{3}{R},Creature - Human Rogue,0,0,0,0,0,0,0,http://gatherer.wizards.com/Handlers/Image.ashx?multiverseid=457262&type=card
RNA,119,Common,1,2,NULL,Storm Strike,{R},Instant,0,0,1,0,0,0,0,http://gatherer.wizards.com/Handlers/Image.ashx?multiverseid=457263&type=card
RNA,120,Uncommon,1,1,NULL,Tin Street Dodger,{R},Creature - Goblin Rogue,0,0,0,1,0,0,0,http://gatherer.wizards.com/Handlers/Image.ashx?multiverseid=457264&type=card
RNA,121,Common,4,2.5,NULL,Axebane Beast,{3}{G},Creature - Beast,0,0,0,0,0,0,0,http://gatherer.wizards.com/Handlers/Image.ashx?multiverseid=457265&type=card
RNA,122,Mythic,5,4.5,NULL,Biogenic Ooze,{3}{G}{G},Creature - Ooze,1,0,0,0,0,0,0,http://gatherer.wizards.com/Handlers/Image.ashx?multiverseid=457266&type=card
RNA,123,Uncommon,6,3,NULL,Biogenic Upgrade,{4}{G}{G},Sorcery,0,0,0,0,0,0,0,http://gatherer.wizards.com/Handlers/Image.ashx?multiverseid=457267&type=card
RNA,124,Rare,8,4,NULL,End-Raze Forerunners,{5}{G}{G}{G},Creature - Boar,0,0,0,0,0,0,0,http://gatherer.wizards.com/Handlers/Image.ashx?multiverseid=457268&type=card
RNA,125,Uncommon,4,3.5,NULL,Enraged Ceratok,{2}{G}{G},Creature - Rhino,0,0,0,0,0,0,0,http://gatherer.wizards.com/Handlers/Image.ashx?multiverseid=457269&type=card
RNA,126,Uncommon,3,1,NULL,Gatebreaker Ram,{2}{G},Creature - Sheep,0,0,0,0,0,0,0,http://gatherer.wizards.com/Handlers/Image.ashx?multiverseid=457270&type=card
RNA,127,Common,2,2,NULL,Gift of Strength,{1}{G},Instant,0,0,1,0,0,0,0,http://gatherer.wizards.com/Handlers/Image.ashx?multiverseid=457271&type=card
RNA,128,Rare,2,3,NULL,Growth-Chamber Guardian,{1}{G},Creature - Elf Crab Warrior,0,0,0,0,0,0,0,http://gatherer.wizards.com/Handlers/Image.ashx?multiverseid=457272&type=card
RNA,129,Uncommon,4,3,NULL,Gruul Beastmaster,{3}{G},Creature - Human Shaman,0,0,0,0,0,0,0,http://gatherer.wizards.com/Handlers/Image.ashx?multiverseid=457273&type=card
RNA,130,Rare,4,3.5,NULL,Guardian Project,{3}{G},Enchantment,0,0,0,0,0,0,0,http://gatherer.wizards.com/Handlers/Image.ashx?multiverseid=457274&type=card
RNA,131,Rare,2,3.5,NULL,Incubation Druid,{1}{G},Creature - Elf Druid,0,0,0,0,0,0,0,http://gatherer.wizards.com/Handlers/Image.ashx?multiverseid=457275&type=card
RNA,132,Common,5,3,NULL,Mammoth Spider,{4}{G},Creature - Spider,0,0,0,1,0,0,0,http://gatherer.wizards.com/Handlers/Image.ashx?multiverseid=457276&type=card
RNA,133,Common,1,1.5,NULL,Open the Gates,{G},Sorcery,0,0,0,0,0,0,0,http://gatherer.wizards.com/Handlers/Image.ashx?multiverseid=457277&type=card
RNA,134,Rare,4,0,NULL,Rampage of the Clans,{3}{G},Instant,0,0,0,0,0,0,0,http://gatherer.wizards.com/Handlers/Image.ashx?multiverseid=457278&type=card
RNA,135,Common,5,3,NULL,Rampaging Rendhorn,{4}{G},Creature - Beast,0,0,0,0,0,0,0,http://gatherer.wizards.com/Handlers/Image.ashx?multiverseid=457279&type=card
RNA,136,Uncommon,5,1,NULL,Regenesis,{3}{G}{G},Instant,0,0,0,0,0,0,0,http://gatherer.wizards.com/Handlers/Image.ashx?multiverseid=457280&type=card
RNA,137,Common,2,5,NULL,Root Snare,{1}{G},Instant,0,0,0,0,0,0,0,http://gatherer.wizards.com/Handlers/Image.ashx?multiverseid=457281&type=card
RNA,138,Common,3,1,NULL,Sagittars' Volley,{2}{G},Instant,0,1,0,0,0,0,0,http://gatherer.wizards.com/Handlers/Image.ashx?multiverseid=457282&type=card
RNA,139,Common,1,0,NULL,Saruli Caretaker,{G},Creature - Dryad,0,0,0,0,0,0,0,http://gatherer.wizards.com/Handlers/Image.ashx?multiverseid=457283&type=card
RNA,140,Common,2,3,NULL,Sauroform Hybrid,{1}{G},Creature - Human Lizard Warrior,0,0,0,0,0,0,0,http://gatherer.wizards.com/Handlers/Image.ashx?multiverseid=457284&type=card
RNA,141,Uncommon,2,3,NULL,Silhana Wayfinder,{1}{G},Creature - Elf Scout,0,0,0,0,0,0,0,http://gatherer.wizards.com/Handlers/Image.ashx?multiverseid=457285&type=card
RNA,142,Common,3,1.5,NULL,Steeple Creeper,{2}{G},Creature - Frog Snake,0,0,0,1,0,0,0,http://gatherer.wizards.com/Handlers/Image.ashx?multiverseid=457286&type=card
RNA,143,Common,1,1.5,NULL,Stony Strength,{G},Instant,0,0,1,0,0,0,0,http://gatherer.wizards.com/Handlers/Image.ashx?multiverseid=457287&type=card
RNA,144,Common,3,1.5,NULL,Sylvan Brushstrider,{2}{G},Creature - Beast,0,0,0,0,0,0,0,http://gatherer.wizards.com/Handlers/Image.ashx?multiverseid=457288&type=card
RNA,145,Common,2,2,NULL,Territorial Boar,{1}{G},Creature - Boar,0,0,0,0,0,0,0,http://gatherer.wizards.com/Handlers/Image.ashx?multiverseid=457289&type=card
RNA,146,Common,2,3,NULL,Titanic Brawl,{1}{G},Instant,0,1,0,0,0,0,0,http://gatherer.wizards.com/Handlers/Image.ashx?multiverseid=457290&type=card
RNA,147,Uncommon,2,1,NULL,Tower Defense,{1}{G},Instant,0,0,1,0,0,0,0,http://gatherer.wizards.com/Handlers/Image.ashx?multiverseid=457291&type=card
RNA,148,Uncommon,5,3.5,NULL,Trollbred Guardian,{4}{G},Creature - Troll Frog Warrior,0,0,0,0,0,0,0,http://gatherer.wizards.com/Handlers/Image.ashx?multiverseid=457292&type=card
RNA,149,Uncommon,4,5,NULL,Wilderness Reclamation,{3}{G},Enchantment,0,0,0,0,0,0,0,http://gatherer.wizards.com/Handlers/Image.ashx?multiverseid=457293&type=card
RNA,150,Common,7,2,NULL,Wrecking Beast,{5}{G}{G},Creature - Beast,0,0,0,0,0,0,0,http://gatherer.wizards.com/Handlers/Image.ashx?multiverseid=457294&type=card
RNA,151,Rare,3,2,NULL,Absorb,{W}{U}{U},Instant,0,0,0,0,1,0,0,http://gatherer.wizards.com/Handlers/Image.ashx?multiverseid=457295&type=card
RNA,152,Common,3,3,Simic,Aeromunculus,{1}{G}{U},Creature - Homunculus Mutant,0,0,0,1,0,0,0,http://gatherer.wizards.com/Handlers/Image.ashx?multiverseid=457296&type=card
RNA,153,Common,2,3,NULL,Applied Biomancy,{G}{U},Instant,0,0,1,0,0,0,0,http://gatherer.wizards.com/Handlers/Image.ashx?multiverseid=457297&type=card
RNA,154,Common,5,3,Azorius,Azorius Knight-Arbiter,{3}{W}{U},Creature - Human Knight,0,0,0,1,0,0,0,http://gatherer.wizards.com/Handlers/Image.ashx?multiverseid=457298&type=card
RNA,155,Uncommon,6,3.5,Azorius,Azorius Skyguard,{4}{W}{U},Creature - Human Knight,0,0,0,1,0,0,0,http://gatherer.wizards.com/Handlers/Image.ashx?multiverseid=457299&type=card
RNA,156,Uncommon,4,3.5,NULL,Basilica Bell-Haunt,{W}{W}{B}{B},Creature - Spirit,0,0,0,0,0,0,0,http://gatherer.wizards.com/Handlers/Image.ashx?multiverseid=457300&type=card
RNA,157,Rare,3,3.5,NULL,Bedevil,{B}{B}{R},Instant,0,1,0,0,0,0,0,http://gatherer.wizards.com/Handlers/Image.ashx?multiverseid=457301&type=card
RNA,158,Rare,2,2,NULL,Biomancer's Familiar,{G}{U},Creature - Mutant,0,0,0,0,0,0,0,http://gatherer.wizards.com/Handlers/Image.ashx?multiverseid=457302&type=card
RNA,159,Uncommon,5,3.5,NULL,Bolrac-Clan Crusher,{3}{R}{G},Creature - Ogre Warrior,0,0,0,0,0,0,0,http://gatherer.wizards.com/Handlers/Image.ashx?multiverseid=457303&type=card
RNA,160,Mythic,7,2.5,NULL,Captive Audience,{5}{B}{R},Enchantment,0,0,0,0,0,0,0,http://gatherer.wizards.com/Handlers/Image.ashx?multiverseid=457304&type=card
RNA,161,Rare,2,1,NULL,Cindervines,{R}{G},Enchantment,0,0,0,0,0,0,0,http://gatherer.wizards.com/Handlers/Image.ashx?multiverseid=457305&type=card
RNA,162,Uncommon,2,3,Gruul,Clan Guildmage,{R}{G},Creature - Human Shaman,0,0,0,0,0,0,0,http://gatherer.wizards.com/Handlers/Image.ashx?multiverseid=457306&type=card
RNA,163,Uncommon,2,3.5,Simic,Combine Guildmage,{G}{U},Creature - Merfolk Wizard,0,0,0,0,0,0,0,http://gatherer.wizards.com/Handlers/Image.ashx?multiverseid=457307&type=card
RNA,164,Uncommon,2,3.5,Rakdos,Cult Guildmage,{B}{R},Creature - Human Shaman,0,0,0,0,0,0,0,http://gatherer.wizards.com/Handlers/Image.ashx?multiverseid=457308&type=card
RNA,165,Rare,3,3.5,NULL,Deputy of Detention,{1}{W}{U},Creature - Vedalken Wizard,0,1,0,0,0,0,0,http://gatherer.wizards.com/Handlers/Image.ashx?multiverseid=457309&type=card
RNA,166,Mythic,4,3.5,NULL,Domri| Chaos Bringer,{2}{R}{G},Legendary Planeswalker - Domri,0,0,0,0,0,0,0,http://gatherer.wizards.com/Handlers/Image.ashx?multiverseid=457310&type=card
RNA,167,Mythic,3,4,NULL,Dovin| Grand Arbiter,{1}{W}{U},Legendary Planeswalker - Dovin,0,0,0,0,0,0,0,http://gatherer.wizards.com/Handlers/Image.ashx?multiverseid=457311&type=card
RNA,168,Uncommon,3,2.5,Azorius,Dovin's Acuity,{1}{W}{U},Enchantment,0,0,0,0,0,0,0,http://gatherer.wizards.com/Handlers/Image.ashx?multiverseid=457312&type=card
RNA,169,Mythic,7,1,NULL,Emergency Powers,{5}{W}{U},Instant,1,0,0,0,0,0,0,http://gatherer.wizards.com/Handlers/Image.ashx?multiverseid=457313&type=card
RNA,170,Rare,6,5,NULL,Ethereal Absolution,{4}{W}{B},Enchantment,0,1,0,0,0,0,0,http://gatherer.wizards.com/Handlers/Image.ashx?multiverseid=457314&type=card
RNA,171,Common,2,3,NULL,Final Payment,{W}{B},Instant,0,0,0,0,0,0,0,http://gatherer.wizards.com/Handlers/Image.ashx?multiverseid=457315&type=card
RNA,172,Uncommon,2,3,NULL,Fireblade Artist,{B}{R},Creature - Human Shaman,0,0,0,0,0,0,0,http://gatherer.wizards.com/Handlers/Image.ashx?multiverseid=457316&type=card
RNA,173,Common,4,3.5,Gruul,Frenzied Arynx,{2}{R}{G},Creature - Cat Beast,0,0,0,0,0,0,0,http://gatherer.wizards.com/Handlers/Image.ashx?multiverseid=457317&type=card
RNA,174,Uncommon,4,3,NULL,Frilled Mystic,{G}{G}{U}{U},Creature - Elf Lizard Wizard,0,0,1,0,1,0,0,http://gatherer.wizards.com/Handlers/Image.ashx?multiverseid=457318&type=card
RNA,175,Uncommon,5,3,Simic,Galloping Lizrog,{3}{G}{U},Creature - Frog Lizard,0,0,0,0,0,0,0,http://gatherer.wizards.com/Handlers/Image.ashx?multiverseid=457319&type=card
RNA,176,Common,5,3,NULL,Get the Point,{3}{B}{R},Instant,0,1,0,0,0,0,0,http://gatherer.wizards.com/Handlers/Image.ashx?multiverseid=457320&type=card
RNA,177,Common,5,3.5,NULL,Grasping Thrull,{3}{W}{B},Creature - Thrull,0,0,0,1,0,0,0,http://gatherer.wizards.com/Handlers/Image.ashx?multiverseid=457321&type=card
RNA,178,Common,2,2,NULL,Growth Spiral,{G}{U},Instant,0,0,0,0,0,0,0,http://gatherer.wizards.com/Handlers/Image.ashx?multiverseid=457322&type=card
RNA,179,Rare,3,3.5,NULL,Gruul Spellbreaker,{1}{R}{G},Creature - Ogre Warrior,0,0,0,0,0,0,0,http://gatherer.wizards.com/Handlers/Image.ashx?multiverseid=457323&type=card
RNA,180,Uncommon,3,3,NULL,Gyre Engineer,{1}{G}{U},Creature - Vedalken Wizard,0,0,0,0,0,0,0,http://gatherer.wizards.com/Handlers/Image.ashx?multiverseid=457324&type=card
RNA,181,Uncommon,3,3,Rakdos,Hackrobat,{1}{B}{R},Creature - Human Rogue,0,0,0,0,0,0,0,http://gatherer.wizards.com/Handlers/Image.ashx?multiverseid=457325&type=card
RNA,182,Uncommon,3,1,NULL,High Alert,{1}{W}{U},Enchantment,0,0,0,0,0,0,0,http://gatherer.wizards.com/Handlers/Image.ashx?multiverseid=457326&type=card
RNA,183,Mythic,2,4.5,NULL,Hydroid Krasis,{X}{G}{U},Creature - Jellyfish Hydra Beast,1,0,0,1,0,0,0,http://gatherer.wizards.com/Handlers/Image.ashx?multiverseid=457327&type=card
RNA,184,Common,2,3,NULL,Imperious Oligarch,{W}{B},Creature - Human Cleric,0,0,0,0,0,0,0,http://gatherer.wizards.com/Handlers/Image.ashx?multiverseid=457328&type=card
RNA,185,Rare,3,4,NULL,Judith| the Scourge Diva,{1}{B}{R},Legendary Creature - Human Shaman,0,0,0,0,0,0,0,http://gatherer.wizards.com/Handlers/Image.ashx?multiverseid=457329&type=card
RNA,186,Mythic,3,2.5,NULL,Kaya| Orzhov Usurper,{1}{W}{B},Legendary Planeswalker - Kaya,0,0,0,0,0,0,0,http://gatherer.wizards.com/Handlers/Image.ashx?multiverseid=457330&type=card
RNA,187,Rare,4,4,NULL,Kaya's Wrath,{W}{W}{B}{B},Sorcery,1,1,0,0,0,0,0,http://gatherer.wizards.com/Handlers/Image.ashx?multiverseid=457331&type=card
RNA,188,Uncommon,7,2,NULL,Knight of the Last Breath,{5}{W}{B},Creature - Giant Knight,0,0,0,0,0,0,0,http://gatherer.wizards.com/Handlers/Image.ashx?multiverseid=457332&type=card
RNA,189,Rare,2,1,NULL,Lavinia| Azorius Renegade,{W}{U},Legendary Creature - Human Soldier,0,0,0,0,0,0,0,http://gatherer.wizards.com/Handlers/Image.ashx?multiverseid=457333&type=card
RNA,190,Common,3,3.5,NULL,Lawmage's Binding,{1}{W}{U},Enchantment - Aura,0,1,0,0,0,0,0,http://gatherer.wizards.com/Handlers/Image.ashx?multiverseid=457334&type=card
RNA,191,Uncommon,4,1.5,NULL,Macabre Mockery,{2}{B}{R},Instant,0,0,1,0,0,0,0,http://gatherer.wizards.com/Handlers/Image.ashx?multiverseid=457335&type=card
RNA,192,Uncommon,3,3.5,NULL,Mortify,{1}{W}{B},Instant,0,1,0,0,0,0,0,http://gatherer.wizards.com/Handlers/Image.ashx?multiverseid=457336&type=card
RNA,193,Rare,5,4,NULL,Nikya of the Old Ways,{3}{R}{G},Legendary Creature - Centaur Druid,0,0,0,0,0,0,0,http://gatherer.wizards.com/Handlers/Image.ashx?multiverseid=457337&type=card
RNA,194,Uncommon,2,3,Orzhov,Pitiless Pontiff,{W}{B},Creature - Vampire Cleric,0,0,0,0,0,0,0,http://gatherer.wizards.com/Handlers/Image.ashx?multiverseid=457338&type=card
RNA,195,Mythic,4,3.5,NULL,Prime Speaker Vannifar,{2}{G}{U},Legendary Creature - Elf Ooze Wizard,0,0,0,0,0,0,0,http://gatherer.wizards.com/Handlers/Image.ashx?multiverseid=457339&type=card
RNA,196,Common,4,1.5,NULL,Rafter Demon,{2}{B}{R},Creature - Demon,0,0,0,0,0,0,0,http://gatherer.wizards.com/Handlers/Image.ashx?multiverseid=457340&type=card
RNA,197,Uncommon,4,4,NULL,Rakdos Firewheeler,{B}{B}{R}{R},Creature - Human Rogue,0,0,0,0,0,0,0,http://gatherer.wizards.com/Handlers/Image.ashx?multiverseid=457341&type=card
RNA,198,Common,3,3,NULL,Rakdos Roustabout,{1}{B}{R},Creature - Ogre Warrior,0,0,0,0,0,0,0,http://gatherer.wizards.com/Handlers/Image.ashx?multiverseid=457342&type=card
RNA,199,Mythic,6,4.5,NULL,Rakdos| the Showstopper,{4}{B}{R},Legendary Creature - Demon,1,0,0,1,0,0,0,http://gatherer.wizards.com/Handlers/Image.ashx?multiverseid=457343&type=card
RNA,200,Mythic,6,4.5,NULL,Ravager Wurm,{3}{R}{G}{G},Creature - Wurm,0,1,0,0,0,0,0,http://gatherer.wizards.com/Handlers/Image.ashx?multiverseid=457344&type=card
RNA,201,Uncommon,3,3.5,Gruul,Rhythm of the Wild,{1}{R}{G},Enchantment,0,0,0,0,0,0,0,http://gatherer.wizards.com/Handlers/Image.ashx?multiverseid=457345&type=card
RNA,202,Common,3,3,NULL,Rubblebelt Runner,{1}{R}{G},Creature - Viashino Warrior,0,0,0,0,0,0,0,http://gatherer.wizards.com/Handlers/Image.ashx?multiverseid=457346&type=card
RNA,203,Common,3,3.5,NULL,Savage Smash,{1}{R}{G},Sorcery,0,1,0,0,0,0,0,http://gatherer.wizards.com/Handlers/Image.ashx?multiverseid=457347&type=card
RNA,204,Uncommon,2,3.5,Azorius,Senate Guildmage,{W}{U},Creature - Human Wizard,1,0,0,1,0,0,0,http://gatherer.wizards.com/Handlers/Image.ashx?multiverseid=457348&type=card
RNA,205,Mythic,4,4.5,NULL,Seraph of the Scales,{2}{W}{B},Creature - Angel,0,0,0,0,0,0,0,http://gatherer.wizards.com/Handlers/Image.ashx?multiverseid=457349&type=card
RNA,206,Uncommon,4,4,NULL,Sharktocrab,{2}{G}{U},Creature - Fish Octopus Crab,0,0,0,0,0,0,0,http://gatherer.wizards.com/Handlers/Image.ashx?multiverseid=457350&type=card
RNA,207,Rare,2,3,NULL,Simic Ascendancy,{G}{U},Enchantment,0,0,0,0,0,0,0,http://gatherer.wizards.com/Handlers/Image.ashx?multiverseid=457351&type=card
RNA,208,Uncommon,4,3.5,NULL,Sphinx of New Prahv,{W}{W}{U}{U},Creature - Sphinx,0,0,0,0,0,0,0,http://gatherer.wizards.com/Handlers/Image.ashx?multiverseid=457352&type=card
RNA,209,Common,4,2.5,NULL,Sphinx's Insight,{2}{W}{U},Instant,0,0,0,0,0,1,0,http://gatherer.wizards.com/Handlers/Image.ashx?multiverseid=457353&type=card
RNA,210,Uncommon,4,3.5,NULL,Sunder Shaman,{R}{R}{G}{G},Creature - Giant Shaman,0,0,0,0,0,0,0,http://gatherer.wizards.com/Handlers/Image.ashx?multiverseid=457354&type=card
RNA,211,Uncommon,2,3,NULL,Syndicate Guildmage,{W}{B},Creature - Human Cleric,0,0,0,0,0,0,0,http://gatherer.wizards.com/Handlers/Image.ashx?multiverseid=457355&type=card
RNA,212,Rare,4,1.5,NULL,Teysa Karlov,{2}{W}{B},Legendary Creature - Human Advisor,0,0,0,0,0,0,0,http://gatherer.wizards.com/Handlers/Image.ashx?multiverseid=457356&type=card
RNA,213,Rare,3,4.5,NULL,Theater of Horrors,{1}{B}{R},Enchantment,0,0,0,0,0,0,0,http://gatherer.wizards.com/Handlers/Image.ashx?multiverseid=457357&type=card
RNA,214,Rare,4,4,NULL,Zegana| Utopian Speaker,{2}{G}{U},Legendary Creature - Merfolk Wizard,0,0,0,0,0,0,0,http://gatherer.wizards.com/Handlers/Image.ashx?multiverseid=457358&type=card
RNA,215,Uncommon,2,3.5,NULL,Zhur-Taa Goblin,{R}{G},Creature - Goblin Berserker,0,0,0,0,0,0,0,http://gatherer.wizards.com/Handlers/Image.ashx?multiverseid=457359&type=card
RNA,216,Common,1,2.5,NULL,Footlight Fiend,{B/R},Creature - Devil,0,0,0,0,0,0,0,http://gatherer.wizards.com/Handlers/Image.ashx?multiverseid=457360&type=card
RNA,217,Common,3,1.5,NULL,Rubble Slinger,{2}{R/G},Creature - Human Warrior,0,0,0,1,0,0,0,http://gatherer.wizards.com/Handlers/Image.ashx?multiverseid=457361&type=card
RNA,218,Common,6,1.5,NULL,Scuttlegator,{4}{G/U}{G/U},Creature - Crab Turtle Crocodile,0,0,0,0,0,0,0,http://gatherer.wizards.com/Handlers/Image.ashx?multiverseid=457362&type=card
RNA,219,Common,4,3,NULL,Senate Griffin,{2}{W/U}{W/U},Creature - Griffin,0,0,0,1,0,0,0,http://gatherer.wizards.com/Handlers/Image.ashx?multiverseid=457363&type=card
RNA,220,Common,3,2,NULL,Vizkopa Vampire,{2}{W/B},Creature - Vampire,0,1,1,0,0,0,0,http://gatherer.wizards.com/Handlers/Image.ashx?multiverseid=457364&type=card
RNA,221,Rare,8,3.5,NULL,Bedeck // Bedazzle,{B/R}{B/R}//{4}{B}{R},Instant//Instant,0,1,1,0,0,0,0,http://gatherer.wizards.com/Handlers/Image.ashx?multiverseid=457365&type=card
RNA,222,Uncommon,5,3,NULL,Carnival // Carnage,{B/R}//{2}{B}{R},Instant//Sorcery,0,1,0,0,0,0,0,http://gatherer.wizards.com/Handlers/Image.ashx?multiverseid=457366&type=card
RNA,223,Uncommon,4,3.5,NULL,Collision // Colossus,{1}{R/G}//{R}{G},Instant//Instant,0,1,1,0,0,0,0,http://gatherer.wizards.com/Handlers/Image.ashx?multiverseid=457367&type=card
RNA,224,Uncommon,6,3.5,NULL,Consecrate // Consume,{1}{W/B}//{2}{W}{B},Instant//Sorcery,0,1,0,0,0,0,0,http://gatherer.wizards.com/Handlers/Image.ashx?multiverseid=457368&type=card
RNA,225,Uncommon,6,3.5,NULL,Depose // Deploy,{1}{W/U}//{2}{W}{U},Instant//Instant,0,1,1,0,0,0,0,http://gatherer.wizards.com/Handlers/Image.ashx?multiverseid=457369&type=card
RNA,226,Uncommon,4,2.5,NULL,Incubation // Incongruity,{G/U}//{1}{G}{U},Sorcery//Instant,0,1,0,0,0,0,0,http://gatherer.wizards.com/Handlers/Image.ashx?multiverseid=457370&type=card
RNA,227,Rare,5,3,NULL,Repudiate // Replicate,{G/U}{G/U}//{1}{G}{U},Instant//Sorcery,0,0,0,0,0,0,0,http://gatherer.wizards.com/Handlers/Image.ashx?multiverseid=457371&type=card
RNA,228,Rare,8,2.5,NULL,Revival // Revenge,{W/B}{W/B}//{4}{W}{B},Sorcery//Sorcery,0,0,0,0,0,0,0,http://gatherer.wizards.com/Handlers/Image.ashx?multiverseid=457372&type=card
RNA,229,Rare,6,4,NULL,Thrash // Threat,{R/G}{R/G}//{2}{R}{G},Instant//Sorcery,0,1,0,0,0,0,0,http://gatherer.wizards.com/Handlers/Image.ashx?multiverseid=457373&type=card
RNA,230,Rare,7,4,NULL,Warrant // Warden,{W/U}{W/U}//{3}{W}{U},Instant//Sorcery,0,0,1,0,0,0,0,http://gatherer.wizards.com/Handlers/Image.ashx?multiverseid=457374&type=card
RNA,231,Common,3,2,NULL,Azorius Locket,{3},Artifact,0,0,0,0,0,1,1,http://gatherer.wizards.com/Handlers/Image.ashx?multiverseid=457375&type=card
RNA,232,Uncommon,8,1,NULL,Gate Colossus,{8},Artifact Creature - Construct,0,0,0,0,0,0,0,http://gatherer.wizards.com/Handlers/Image.ashx?multiverseid=457376&type=card
RNA,233,Rare,2,2,NULL,Glass of the Guildpact,{2},Artifact,0,0,0,0,0,0,0,http://gatherer.wizards.com/Handlers/Image.ashx?multiverseid=457377&type=card
RNA,234,Common,3,1.5,NULL,Gruul Locket,{3},Artifact,0,0,0,0,0,1,1,http://gatherer.wizards.com/Handlers/Image.ashx?multiverseid=457378&type=card
RNA,235,Uncommon,4,1,NULL,Junktroller,{4},Artifact Creature - Golem,0,0,0,0,0,0,0,http://gatherer.wizards.com/Handlers/Image.ashx?multiverseid=457379&type=card
RNA,236,Common,3,2,NULL,Orzhov Locket,{3},Artifact,0,0,0,0,0,1,1,http://gatherer.wizards.com/Handlers/Image.ashx?multiverseid=457380&type=card
RNA,237,Common,3,1.5,NULL,Rakdos Locket,{3},Artifact,0,0,0,0,0,1,1,http://gatherer.wizards.com/Handlers/Image.ashx?multiverseid=457381&type=card
RNA,238,Uncommon,1,1,NULL,Scrabbling Claws,{1},Artifact,0,0,0,0,0,0,0,http://gatherer.wizards.com/Handlers/Image.ashx?multiverseid=457382&type=card
RNA,239,Uncommon,1,1,NULL,Screaming Shield,{1},Artifact - Equipment,0,0,0,0,0,0,0,http://gatherer.wizards.com/Handlers/Image.ashx?multiverseid=457383&type=card
RNA,240,Common,3,2,NULL,Simic Locket,{3},Artifact,0,0,0,0,0,1,1,http://gatherer.wizards.com/Handlers/Image.ashx?multiverseid=457384&type=card
RNA,241,Uncommon,7,1.5,NULL,Sphinx of the Guildpact,{7},Artifact Creature - Sphinx,0,0,0,1,0,0,0,http://gatherer.wizards.com/Handlers/Image.ashx?multiverseid=457385&type=card
RNA,242,Rare,5,3.5,NULL,Tome of the Guildpact,{5},Artifact,0,0,0,0,0,0,0,http://gatherer.wizards.com/Handlers/Image.ashx?multiverseid=457386&type=card
RNA,243,Common,0,3,NULL,Azorius Guildgate,,Land - Gate,0,0,0,0,0,0,1,http://gatherer.wizards.com/Handlers/Image.ashx?multiverseid=457387&type=card
RNA,244,Rare,0,3,NULL,Blood Crypt,,Land - Swamp Mountain,0,0,0,0,0,0,1,http://gatherer.wizards.com/Handlers/Image.ashx?multiverseid=457389&type=card
RNA,245,Rare,0,3,NULL,Breeding Pool,,Land - Forest Island,0,0,0,0,0,0,1,http://gatherer.wizards.com/Handlers/Image.ashx?multiverseid=457390&type=card
RNA,246,Common,0,3,NULL,Gateway Plaza,,Land - Gate,0,0,0,0,0,0,1,http://gatherer.wizards.com/Handlers/Image.ashx?multiverseid=457391&type=card
RNA,247,Rare,0,3,NULL,Godless Shrine,,Land - Plains Swamp,0,0,0,0,0,0,1,http://gatherer.wizards.com/Handlers/Image.ashx?multiverseid=457392&type=card
RNA,248,Common,0,3,NULL,Gruul Guildgate,,Land - Gate,0,0,0,0,0,0,1,http://gatherer.wizards.com/Handlers/Image.ashx?multiverseid=457393&type=card
RNA,249,Rare,0,3,NULL,Hallowed Fountain,,Land - Plains Island,0,0,0,0,0,0,1,http://gatherer.wizards.com/Handlers/Image.ashx?multiverseid=457395&type=card
RNA,250,Common,0,3,NULL,Orzhov Guildgate,,Land - Gate,0,0,0,0,0,0,1,http://gatherer.wizards.com/Handlers/Image.ashx?multiverseid=457396&type=card
RNA,251,Rare,0,3,NULL,Plaza of Harmony,,Land,0,0,0,0,0,0,1,http://gatherer.wizards.com/Handlers/Image.ashx?multiverseid=457398&type=card
RNA,252,Common,0,3,NULL,Rakdos Guildgate,,Land - Gate,0,0,0,0,0,0,1,http://gatherer.wizards.com/Handlers/Image.ashx?multiverseid=457399&type=card
RNA,253,Common,0,3,NULL,Simic Guildgate,,Land - Gate,0,0,0,0,0,0,1,http://gatherer.wizards.com/Handlers/Image.ashx?multiverseid=457401&type=card
RNA,254,Rare,0,3,NULL,Stomping Ground,,Land - Mountain Forest,0,0,0,0,0,0,1,http://gatherer.wizards.com/Handlers/Image.ashx?multiverseid=457403&type=card
